rowNum,selectedCount,totalCount,subwayId,updnLine,trainLineNm,statnFid,statnTid,statnId,statnNm,trnsitCo,ordkey,subwayList,statnList,btrainSttus,barvlDt,btrainNo,bstatnId,bstatnNm,recptnDt,arvlMsg2,arvlMsg3,arvlCd
18,2968,2968,1003,상행,구파발행 - 종로3가방면,1003000331,1003000329,1003000330,을지로3가,2,01000구파발0,"1002,1003","1002000203,1003000330",일반,0,3148,4,구파발,2023-11-21 10:36:01,을지로3가 출발,을지로3가,2
28,2968,2968,1004,상행,당고개행 - 총신대입구(이수)방면,1004000434,1004000432,1004000433,사당,2,01000당고개0,"1002,1004","1002000226,1004000433",일반,0,4564,0,당고개,2023-11-21 10:34:32,사당 도착,사당,1
78,2968,2968,1005,상행,방화행 - 애오개방면,1005000532,1005000530,1005000531,충정로,2,01000방화0,"1002,1005","1002000243,1005000531",일반,60,5560,1,방화,2023-11-21 10:36:05,충정로 전역출발,충정로,3
87,2968,2968,1005,상행,방화행 - 화곡방면,1005000519,1005000517,1005000518,까치산,2,01000방화0,"1002,1005","1002002344,1005000518",일반,60,5078,1,방화,2023-11-21 10:36:05,까치산 전역출발,까치산,3
89,2968,2968,1092,상행,북한산우이행 - 보문방면,1092004713,1092004712,1092004713,신설동,2,01000북한산우이0,"1001,1002,1092","1001000126,1002002114,1092004713",일반,0,1149,941,북한산우이,2023-11-21 10:35:04,신설동 진입,신설동,0
96,2968,2968,1002,외선,성수행 - 합정방면,1002000240,1002000238,1002000239,홍대입구,3,01000성수0,"1002,1063,1065","1002000239,1063075314,1065006503",일반,2,2179,88,성수,2023-11-21 10:36:20,홍대입구 진입,홍대입구,0
101,2968,2968,1001,상행,소요산행 - 종각방면,1001000133,1001000131,1001000132,시청,2,01000소요산0,"1001,1002","1001000132,1002000201",일반,0,0056,190,소요산,2023-11-21 10:36:11,시청 도착,시청,1
103,2968,2968,1002,외선,신도림지선행 - 신도림방면,1002002342,1002000234,1002002341,도림천,1,01000신도림지선0,1002,1002002341,일반,5,5555,49,신도림지선,2023-11-21 10:36:20,도림천 진입,도림천,0
104,2968,2968,1002,외선,신도림지선행 - 도림천방면,1002002343,1002002341,1002002342,양천구청,1,01000신도림지선0,1002,1002002342,일반,2,5555,49,신도림지선,2023-11-21 10:31:30,양천구청 진입,양천구청,0
105,2968,2968,1002,외선,신도림지선행 - 양천구청방면,1002002344,1002002342,1002002343,신정네거리,1,01000신도림지선0,1002,1002002343,일반,15,5555,49,신도림지선,2023-11-21 10:27:00,신정네거리 진입,신정네거리,0
112,2968,2968,1002,외선,신설동행 - 성수방면,1002002112,1002000211,1002002111,용답,1,01000신설동0,1002,1002002111,일반,5,1559,47,신설동,2023-11-21 10:31:50,용답 도착,용답,1
113,2968,2968,1002,외선,신설동행 - 용답방면,1002002113,1002002111,1002002112,신답,1,01000신설동0,1002,1002002112,일반,5,1559,47,신설동,2023-11-21 10:34:00,신답 도착,신답,1
114,2968,2968,1002,외선,신설동행 - 신답방면,1002002114,1002002112,1002002113,용두,1,01000신설동0,1002,1002002113,일반,5,1559,47,신설동,2023-11-21 10:35:50,용두 도착,용두,1
125,2968,2968,1075,상행,왕십리행 - 청량리방면,1075075211,1075075209,1075075210,왕십리,4,01000왕십리0,"1002,1005,1063,1075","1002000208,1005000540,1063075116,1075075210",일반,0,6066,165,왕십리,2023-11-21 10:30:40,왕십리 도착,왕십리,1
137,2968,2968,1075,상행,왕십리행 - 선정릉방면,1075075216,1075075214,1075075215,선릉,2,01000왕십리0,"1002,1075","1002000220,1075075215",일반,0,6068,165,왕십리,2023-11-21 10:36:22,선릉 진입,선릉,0
140,2968,2968,1063,상행,용산행 - 응봉방면,1063075117,1063075115,1063075116,왕십리,4,01000용산0,"1002,1005,1063,1075","1002000208,1005000540,1063075116,1075075210",일반,0,5050,1,용산,2023-11-21 10:35:21,왕십리 진입,왕십리,0
151,2968,2968,1006,상행,응암순환(상선)행 - 청구방면,1006000636,1006000634,1006000635,신당,2,01000응암순환(상선)0,"1002,1006","1002000206,1006000635",일반,60,6116,9,응암순환(상선),2023-11-21 10:36:28,신당 전역출발,신당,3
154,2968,2968,1006,상행,응암순환(상선)행 - 망원방면,1006000623,1006000621,1006000622,합정,2,01000응암순환(상선)0,"1002,1006","1002000238,1006000622",일반,60,6110,9,응암순환(상선),2023-11-21 10:36:27,합정 도착,합정,1
183,2968,2968,1007,상행,장암행 - 신풍방면,1007000745,1007000743,1007000744,대림,2,01000장암0,"1002,1007","1002000233,1007000744",일반,60,7128,1,장암,2023-11-21 10:36:18,대림 도착,대림,1
188,2968,2968,1001,상행,청량리행 - 영등포방면,1001000141,1001000139,1001000140,신도림,2,01000청량리0,"1001,1002","1001000140,1002000234",일반,0,1910,249,청량리,2023-11-21 10:36:13,신도림 도착,신도림,1
214,2968,2968,1009,상행,개화행 - 선유도방면,1009000914,1009000912,1009000913,당산,2,01001개화0,"1002,1009","1002000237,1009000913",일반,120,9067,901,개화,2023-11-21 10:36:24,전역 진입,국회의사당,4
229,2968,2968,1004,상행,당고개행 - 총신대입구(이수)방면,1004000434,1004000432,1004000433,사당,2,01001당고개,"1002,1004","1002000226,1004000433",일반,125,4548,0,당고개,2023-11-21 10:35:55,전역 도착,남태령,5
294,2968,2968,1005,상행,방화행 - 을지로4가방면,1005000537,1005000535,1005000536,동대문역사문화공원,3,01001방화0,"1002,1004,1005","1002000205,1004000422,1005000536",일반,120,5562,1,방화,2023-11-21 10:36:05,전역 도착,청구,5
295,2968,2968,1005,상행,방화행 - 행당방면,1005000541,1005000539,1005000540,왕십리,4,01001방화0,"1002,1005,1063,1075","1002000208,1005000540,1063075116,1075075210",일반,60,5086,1,방화,2023-11-21 10:36:05,왕십리 전역출발,마장,3
308,2968,2968,1002,외선,성수행 - 홍대입구방면,1002000241,1002000239,1002000240,신촌,1,01001성수0,1002,1002000240,일반,95,2181,88,성수,2023-11-21 10:36:20,전역 도착,이대,5
309,2968,2968,1002,외선,성수행 - 당산방면,1002000239,1002000237,1002000238,합정,2,01001성수0,"1002,1006","1002000238,1006000622",일반,108,2179,88,성수,2023-11-21 10:36:20,전역 진입,홍대입구,4
310,2968,2968,1002,외선,성수행 - 충정로방면,1002000202,1002000243,1002000201,시청,2,01001성수0,"1001,1002","1001000132,1002000201",일반,60,2185,88,성수,2023-11-21 10:36:20,전역 도착,을지로입구,5
311,2968,2968,1002,외선,성수행 - 을지로3가방면,1002000205,1002000203,1002000204,을지로4가,2,01001성수0,"1002,1005","1002000204,1005000535",일반,109,2187,88,성수,2023-11-21 10:36:20,전역 도착,동대문역사문화공원,5
312,2968,2968,1002,외선,성수행 - 신당방면,1002000208,1002000206,1002000207,상왕십리,1,01001성수0,1002,1002000207,일반,90,2191,88,성수,2023-11-21 10:36:20,전역 도착,왕십리,5
313,2968,2968,1002,외선,성수행 - 이대방면,1002000243,1002000241,1002000242,아현,1,01001성수0,1002,1002000242,일반,73,2183,88,성수,2023-11-21 10:36:20,전역 도착,충정로,5
314,2968,2968,1002,외선,성수행 - 영등포구청방면,1002000238,1002000236,1002000237,당산,2,01001성수0,"1002,1009","1002000237,1009000913",일반,52,3177,88,성수,2023-11-21 10:36:20,전역 출발,합정,3
315,2968,2968,1002,외선,성수행 - 대림방면,1002000235,1002000233,1002000234,신도림,2,01001성수0,"1001,1002","1001000140,1002000234",일반,96,2175,88,성수,2023-11-21 10:36:20,전역 도착,문래,5
316,2968,2968,1002,외선,성수행 - 신림방면,1002000232,1002000230,1002000231,신대방,1,01001성수0,1002,1002000231,일반,110,3171,88,성수,2023-11-21 10:36:20,전역 도착,구로디지털단지,5
317,2968,2968,1002,외선,성수행 - 봉천방면,1002000231,1002000229,1002000230,신림,1,01001성수0,1002,1002000230,일반,37,2169,88,성수,2023-11-21 10:36:20,전역 출발,신대방,3
318,2968,2968,1002,외선,성수행 - 방배방면,1002000227,1002000225,1002000226,사당,2,01001성수0,"1002,1004","1002000226,1004000433",일반,128,2167,88,성수,2023-11-21 10:36:20,전역 도착,낙성대,5
319,2968,2968,1002,외선,성수행 - 성수방면,1002000213,1002000211,1002000212,건대입구,2,01001성수0,"1002,1007","1002000212,1007000727",일반,115,2147,88,성수,2023-11-21 10:36:20,전역 도착,구의,5
320,2968,2968,1002,외선,성수행 - 건대입구방면,1002000214,1002000212,1002000213,구의,1,01001성수0,1002,1002000213,일반,104,2149,88,성수,2023-11-21 10:36:20,전역 도착,강변,5
321,2968,2968,1002,외선,성수행 - 구의방면,1002000215,1002000213,1002000214,강변,1,01001성수0,1002,1002000214,일반,120,2151,88,성수,2023-11-21 10:36:20,전역 도착,잠실나루,5
322,2968,2968,1002,외선,성수행 - 잠실나루방면,1002000217,1002000215,1002000216,잠실,2,01001성수0,"1002,1008","1002000216,1008000814",일반,11,6155,88,성수,2023-11-21 10:36:20,전역 출발,잠실새내,3
323,2968,2968,1002,외선,성수행 - 잠실새내방면,1002000219,1002000217,1002000218,종합운동장,1,01001성수0,"1002,1009","1002000218,1009000930",일반,79,2153,88,성수,2023-11-21 10:36:20,전역 도착,삼성,5
324,2968,2968,1002,외선,성수행 - 삼성방면,1002000221,1002000219,1002000220,선릉,2,01001성수0,"1002,1075","1002000220,1075075215",일반,21,3157,88,성수,2023-11-21 10:36:20,전역 출발,역삼,3
325,2968,2968,1002,외선,성수행 - 강남방면,1002000224,1002000222,1002000223,교대,2,01001성수0,"1002,1003","1002000223,1003000340",일반,61,3161,88,성수,2023-11-21 10:36:20,전역 도착,서초,5
326,2968,2968,1002,외선,성수행 - 교대방면,1002000225,1002000223,1002000224,서초,1,01001성수0,1002,1002000224,일반,100,6163,88,성수,2023-11-21 10:36:20,전역 도착,방배,5
333,2968,2968,1002,외선,신도림행 - 동대문역사문화공원방면,1002000207,1002000205,1002000206,신당,2,01001신도림0,"1002,1006","1002000206,1006000635",일반,29,4189,24,신도림,2023-11-21 10:36:20,전역 출발,상왕십리,3
335,2968,2968,1077,상행,신사행 - 신논현방면,1077000688,1077000686,1077000687,강남,2,01001신사0,"1002,1077","1002000222,1077000687",일반,0,17,13,신사,2023-11-21 10:34:57,전역 도착,양재,5
340,2968,2968,1002,외선,신설동행 - 용두방면,1002002114,1002002113,1002002114,신설동,2,01001신설동0,"1001,1002,1092","1001000126,1002002114,1092004713",일반,90,1559,47,신설동,2023-11-21 10:36:20,전역 도착,용두,5
343,2968,2968,1008,상행,암사행 - 몽촌토성(평화의문)방면,1008000815,1008000813,1008000814,잠실,2,01001암사0,"1002,1008","1002000216,1008000814",일반,180,8090,1,암사,2023-11-21 10:36:24,전역 출발,석촌,3
381,2968,2968,1065,상행,인천공항2터미널행 - 디지털미디어시티방면,1065006504,1065006502,1065006503,홍대입구,3,01001인천공항2터미널0,"1002,1063,1065","1002000239,1063075314,1065006503",일반,0,A2051,110,인천공항2터미널,2023-11-21 10:35:39,전역 도착,공덕,5
392,2968,2968,1007,상행,장암행 - 어린이대공원(세종대)방면,1007000728,1007000726,1007000727,건대입구,2,01001장암0,"1002,1007","1002000212,1007000727",일반,180,7116,1,장암,2023-11-21 10:36:18,전역 출발,뚝섬유원지,3
422,2968,2968,1001,상행,광운대행 - 제기동방면,1001000127,1001000125,1001000126,신설동,2,01002광운대0,"1001,1002,1092","1001000126,1002002114,1092004713",일반,143,0624,171,광운대,2023-11-21 10:36:11,2분 23초 후 (동대문),동대문,99
426,2968,2968,1003,상행,구파발행 - 고속터미널방면,1003000341,1003000339,1003000340,교대,2,01002구파발0,"1002,1003","1002000223,1003000340",일반,238,3158,4,구파발,2023-11-21 10:36:02,3분 58초 후 (양재),양재,99
472,2968,2968,1005,상행,방화행 - 종로3가방면,1005000536,1005000534,1005000535,을지로4가,2,01002방화0,"1002,1005","1002000204,1005000535",일반,240,5562,1,방화,2023-11-21 10:36:05,4분 후 (청구),청구,99
484,2968,2968,1002,외선,성수행 - 뚝섬방면,1002000212,1002000210,1002000211,성수,1,01002성수0,1002,1002000211,일반,255,2147,88,성수,2023-11-21 10:36:20,4분 15초 후,구의,99
485,2968,2968,1002,외선,성수행 - 강변방면,1002000216,1002000214,1002000215,잠실나루,1,01002성수0,1002,1002000215,일반,144,6155,88,성수,2023-11-21 10:36:20,2분 24초 후,잠실새내,99
486,2968,2968,1002,외선,성수행 - 잠실방면,1002000218,1002000216,1002000217,잠실새내,1,01002성수0,1002,1002000217,일반,208,2153,88,성수,2023-11-21 10:36:20,3분 28초 후,삼성,99
487,2968,2968,1002,외선,성수행 - 역삼방면,1002000223,1002000221,1002000222,강남,2,01002성수0,"1002,1077","1002000222,1077000687",일반,213,3161,88,성수,2023-11-21 10:36:20,3분 33초 후,서초,99
488,2968,2968,1002,외선,성수행 - 서초방면,1002000226,1002000224,1002000225,방배,1,01002성수0,1002,1002000225,일반,285,2167,88,성수,2023-11-21 10:36:20,4분 45초 후,낙성대,99
489,2968,2968,1002,외선,성수행 - 서울대입구방면,1002000230,1002000228,1002000229,봉천,1,01002성수0,1002,1002000229,일반,157,2169,88,성수,2023-11-21 10:36:20,2분 37초 후,신대방,99
490,2968,2968,1002,외선,성수행 - 구로디지털단지방면,1002000234,1002000232,1002000233,대림,2,01002성수0,"1002,1007","1002000233,1007000744",일반,265,2175,88,성수,2023-11-21 10:36:20,4분 25초 후,문래,99
491,2968,2968,1002,외선,성수행 - 을지로입구방면,1002000204,1002000202,1002000203,을지로3가,2,01002성수0,"1002,1003","1002000203,1003000330",일반,199,2187,88,성수,2023-11-21 10:36:20,3분 19초 후,동대문역사문화공원,99
492,2968,2968,1002,외선,성수행 - 아현방면,1002000201,1002000242,1002000243,충정로,2,01002성수0,"1002,1005","1002000243,1005000531",일반,192,2185,88,성수,2023-11-21 10:36:20,3분 12초 후,을지로입구,99
493,2968,2968,1002,외선,성수행 - 문래방면,1002000237,1002000235,1002000236,영등포구청,2,01002성수0,"1002,1005","1002000236,1005000523",일반,188,3177,88,성수,2023-11-21 10:36:20,3분 8초 후,합정,99
494,2968,2968,1002,외선,성수행 - 신촌방면,1002000242,1002000240,1002000241,이대,1,01002성수0,1002,1002000241,일반,181,2183,88,성수,2023-11-21 10:36:20,3분 1초 후,충정로,99
498,2968,2968,1002,외선,신도림행 - 을지로4가방면,1002000206,1002000204,1002000205,동대문역사문화공원,3,01002신도림0,"1002,1004,1005","1002000205,1004000422,1005000536",일반,139,4189,24,신도림,2023-11-21 10:36:20,2분 19초 후,상왕십리,99
563,2968,2968,1004,상행,당고개행 - 동대문방면,1004000423,1004000421,1004000422,동대문역사문화공원,3,01003당고개0,"1002,1004,1005","1002000205,1004000422,1005000536",일반,318,4560,0,당고개,2023-11-21 10:35:53,5분 18초 후 (회현),회현,99
578,2968,2968,1001,상행,동두천행 - 제기동방면 (급행),1001000127,1001000125,1001000126,신설동,2,01003동두천1,"1001,1002,1092","1001000126,1002002114,1092004713",급행,0,1608,189,동두천 (급행),2023-11-21 10:36:19,[3]번째 전역 (종로5가),종로5가,99
581,2968,2968,1063,상행,문산행 - 가좌방면,1063075313,1063075315,1063075314,홍대입구,3,01003문산0,"1002,1063,1065","1002000239,1063075314,1065006503",일반,0,5048,234,문산,2023-11-21 10:35:57,[3]번째 전역 (효창공원앞),효창공원앞,99
593,2968,2968,1005,상행,방화행 - 양평방면,1005000524,1005000522,1005000523,영등포구청,2,01003방화0,"1002,1005","1002000236,1005000523",일반,300,5558,1,방화,2023-11-21 10:36:05,5분 후 (여의도),여의도,99
598,2968,2968,1002,외선,성수행 - 낙성대방면,1002000229,1002000227,1002000228,서울대입구,1,01003성수0,1002,1002000228,일반,264,2169,88,성수,2023-11-21 10:36:20,4분 24초 후,신대방,99
599,2968,2968,1002,외선,성수행 - 선릉방면,1002000222,1002000220,1002000221,역삼,1,01003성수0,1002,1002000221,일반,346,3161,88,성수,2023-11-21 10:36:20,5분 46초 후,서초,99
600,2968,2968,1002,외선,성수행 - 종합운동장방면,1002000220,1002000218,1002000219,삼성,1,01003성수0,1002,1002000219,일반,163,3157,88,성수,2023-11-21 10:36:20,2분 43초 후,역삼,99
601,2968,2968,1002,외선,성수행 - 신대방방면,1002000233,1002000231,1002000232,구로디지털단지,1,01003성수0,1002,1002000232,일반,393,2175,88,성수,2023-11-21 10:36:20,6분 33초 후,문래,99
602,2968,2968,1002,외선,성수행 - 시청방면,1002000203,1002000201,1002000202,을지로입구,1,01003성수0,1002,1002000202,일반,298,2187,88,성수,2023-11-21 10:36:20,4분 58초 후,동대문역사문화공원,99
603,2968,2968,1002,외선,성수행 - 신도림방면,1002000236,1002000234,1002000235,문래,1,01003성수0,1002,1002000235,일반,294,3177,88,성수,2023-11-21 10:36:20,4분 54초 후,합정,99
663,2968,2968,1002,외선,성수행 - 사당방면,1002000228,1002000226,1002000227,낙성대,1,01004성수0,1002,1002000227,일반,389,2169,88,성수,2023-11-21 10:36:20,6분 29초 후,신대방,99
693,2968,2968,1009,상행,김포공항행 - 봉은사방면 (급행),1009000930,1009000929,1009000930,종합운동장,1,01005김포공항1,"1002,1009","1002000218,1009000930",급행,370,9559,902,김포공항 (급행),2023-11-21 10:36:24,6분 10초 후 (한성백제),한성백제,99
741,2968,2968,1001,상행,용산행 - 영등포방면,1001000141,1001000139,1001000140,신도림,2,01008용산,"1001,1002","1001000140,1002000234",일반,0,1312,1,용산,2023-11-21 10:34:39,[8]번째 전역 (부천),부천,99
772,2968,2968,1001,상행,청량리행 - 영등포방면,1001000141,1001000139,1001000140,신도림,2,01013청량리,"1001,1002","1001000140,1002000234",일반,0,1912,249,청량리,2023-11-21 10:28:29,[13]번째 전역 (성균관대),성균관대,99
796,2968,2968,1001,상행,청량리행 - 종각방면,1001000133,1001000131,1001000132,시청,2,01021청량리,"1001,1002","1001000132,1002000201",일반,0,1912,249,청량리,2023-11-21 10:28:29,[21]번째 전역 (성균관대),성균관대,99
823,2968,2968,1002,외선,성수행 - 상왕십리방면,1002000209,1002000207,1002000208,왕십리,4,01041성수0,"1002,1005,1063,1075","1002000208,1005000540,1063075116,1075075210",일반,329,2193,88,성수,2023-11-21 10:36:20,5분 29초 후,성수,99
825,2968,2968,1002,외선,성수행 - 왕십리방면,1002000210,1002000208,1002000209,한양대,1,01042성수0,1002,1002000209,일반,221,2193,88,성수,2023-11-21 10:36:20,3분 41초 후,성수,99
827,2968,2968,1002,외선,성수행 - 한양대방면,1002000211,1002000209,1002000210,뚝섬,1,01043성수0,1002,1002000210,일반,99,2193,88,성수,2023-11-21 10:36:20,1분 39초 후,성수,99
844,2968,2968,1075,상행,왕십리행 - 청량리방면,1075075211,1075075209,1075075210,왕십리,4,02000왕십리,"1002,1005,1063,1075","1002000208,1005000540,1063075116,1075075210",일반,0,6064,165,왕십리,2023-11-21 10:30:40,왕십리 도착,왕십리,1
866,2968,2968,1001,상행,소요산행 - 영등포방면,1001000141,1001000139,1001000140,신도림,2,02001소요산0,"1001,1002","1001000140,1002000234",일반,0,0062,249,소요산,2023-11-21 10:36:13,전역 도착,구로,5
878,2968,2968,1001,상행,광운대행 - 종각방면,1001000133,1001000131,1001000132,시청,2,02002광운대0,"1001,1002","1001000132,1002000201",일반,0,0626,190,광운대,2023-11-21 10:35:34,[2]번째 전역 (남영),남영,99
893,2968,2968,1003,상행,대화행 - 종로3가방면,1003000331,1003000329,1003000330,을지로3가,2,02002대화0,"1002,1003","1002000203,1003000330",일반,187,3150,4,대화,2023-11-21 10:36:01,3분 7초 후 (동대입구),동대입구,99
896,2968,2968,1007,상행,도봉산행 - 어린이대공원(세종대)방면,1007000728,1007000726,1007000727,건대입구,2,02002도봉산0,"1002,1007","1002000212,1007000727",일반,300,7118,1,도봉산,2023-11-21 10:36:18,5분 후 (청담),청담,99
905,2968,2968,1002,외선,성수행 - 성수방면,1002000213,1002000211,1002000212,건대입구,2,02002성수0,"1002,1007","1002000212,1007000727",일반,261,2149,88,성수,2023-11-21 10:36:20,4분 21초 후,강변,99
906,2968,2968,1002,외선,성수행 - 동대문역사문화공원방면,1002000207,1002000205,1002000206,신당,2,02002성수0,"1002,1006","1002000206,1006000635",일반,194,2191,24,성수,2023-11-21 10:36:20,3분 14초 후,왕십리,99
907,2968,2968,1002,외선,성수행 - 합정방면,1002000240,1002000238,1002000239,홍대입구,3,02002성수0,"1002,1063,1065","1002000239,1063075314,1065006503",일반,229,2181,88,성수,2023-11-21 10:36:20,3분 49초 후,이대,99
908,2968,2968,1002,외선,성수행 - 영등포구청방면,1002000238,1002000236,1002000237,당산,2,02002성수0,"1002,1009","1002000237,1009000913",일반,290,2179,88,성수,2023-11-21 10:36:20,4분 50초 후,홍대입구,99
909,2968,2968,1002,외선,성수행 - 봉천방면,1002000231,1002000229,1002000230,신림,1,02002성수0,1002,1002000230,일반,287,3171,88,성수,2023-11-21 10:36:20,4분 47초 후,구로디지털단지,99
910,2968,2968,1002,외선,성수행 - 강남방면,1002000224,1002000222,1002000223,교대,2,02002성수0,"1002,1003","1002000223,1003000340",일반,199,6163,88,성수,2023-11-21 10:36:20,3분 19초 후,방배,99
911,2968,2968,1002,외선,성수행 - 건대입구방면,1002000214,1002000212,1002000213,구의,1,02002성수0,1002,1002000213,일반,237,2151,88,성수,2023-11-21 10:36:20,3분 57초 후,잠실나루,99
912,2968,2968,1001,상행,소요산행 - 종각방면,1001000133,1001000131,1001000132,시청,2,02002소요산,"1001,1002","1001000132,1002000201",일반,285,0166,190,소요산,2023-11-21 10:36:11,4분 45초 후 (남영),남영,99
955,2968,2968,1004,상행,당고개행 - 총신대입구(이수)방면,1004000434,1004000432,1004000433,사당,2,02003당고개0,"1002,1004","1002000226,1004000433",일반,0,4566,0,당고개,2023-11-21 10:34:32,[3]번째 전역 (경마공원),경마공원,99
972,2968,2968,1007,상행,도봉산행 - 신풍방면,1007000745,1007000743,1007000744,대림,2,02003도봉산0,"1002,1007","1002000233,1007000744",일반,300,7130,1,도봉산,2023-11-21 10:36:18,5분 후 (철산),철산,99
974,2968,2968,1001,상행,동두천행 - 제기동방면,1001000127,1001000125,1001000126,신설동,2,02003동두천0,"1001,1002,1092","1001000126,1002002114,1092004713",일반,281,1608,171,동두천,2023-11-21 10:36:11,4분 41초 후 (종로5가),종로5가,99
983,2968,2968,1005,상행,방화행 - 화곡방면,1005000519,1005000517,1005000518,까치산,2,02003방화0,"1002,1005","1002002344,1005000518",일반,300,5556,1,방화,2023-11-21 10:36:05,5분 후 (오목교(목동운동장앞)),오목교(목동운동장앞),99
985,2968,2968,1005,상행,방화행 - 애오개방면,1005000532,1005000530,1005000531,충정로,2,02003방화0,"1002,1005","1002000243,1005000531",일반,360,5084,1,방화,2023-11-21 10:36:05,6분 후 (종로3가),종로3가,99
991,2968,2968,1005,상행,방화행 - 행당방면,1005000541,1005000539,1005000540,왕십리,4,02003방화0,"1002,1005,1063,1075","1002000208,1005000540,1063075116,1075075210",일반,420,5564,1,방화,2023-11-21 10:36:05,7분 후 (장한평),장한평,99
998,2968,2968,1002,외선,성수행 - 역삼방면,1002000223,1002000221,1002000222,강남,2,02003성수0,"1002,1077","1002000222,1077000687",일반,351,6163,88,성수,2023-11-21 10:36:20,5분 51초 후,방배,99
999,2968,2968,1002,외선,성수행 - 교대방면,1002000225,1002000223,1002000224,서초,1,02003성수0,1002,1002000224,일반,436,2167,88,성수,2023-11-21 10:36:20,7분 16초 후,낙성대,99
1000,2968,2968,1002,외선,성수행 - 서울대입구방면,1002000230,1002000228,1002000229,봉천,1,02003성수0,1002,1002000229,일반,407,3171,88,성수,2023-11-21 10:36:20,6분 47초 후,구로디지털단지,99
1001,2968,2968,1002,외선,성수행 - 문래방면,1002000237,1002000235,1002000236,영등포구청,2,02003성수0,"1002,1005","1002000236,1005000523",일반,426,2179,88,성수,2023-11-21 10:36:20,7분 6초 후,홍대입구,99
1002,2968,2968,1002,외선,성수행 - 당산방면,1002000239,1002000237,1002000238,합정,2,02003성수0,"1002,1006","1002000238,1006000622",일반,336,2181,88,성수,2023-11-21 10:36:20,5분 36초 후,이대,99
1003,2968,2968,1002,외선,성수행 - 홍대입구방면,1002000241,1002000239,1002000240,신촌,1,02003성수0,1002,1002000240,일반,281,2183,88,성수,2023-11-21 10:36:20,4분 41초 후,충정로,99
1004,2968,2968,1002,외선,성수행 - 이대방면,1002000243,1002000241,1002000242,아현,1,02003성수0,1002,1002000242,일반,297,2185,88,성수,2023-11-21 10:36:20,4분 57초 후,을지로입구,99
1005,2968,2968,1002,외선,성수행 - 을지로4가방면,1002000206,1002000204,1002000205,동대문역사문화공원,3,02003성수0,"1002,1004,1005","1002000205,1004000422,1005000536",일반,304,2191,24,성수,2023-11-21 10:36:20,5분 4초 후,왕십리,99
1006,2968,2968,1002,외선,성수행 - 구의방면,1002000215,1002000213,1002000214,강변,1,02003성수0,1002,1002000214,일반,290,6155,88,성수,2023-11-21 10:36:20,4분 50초 후,잠실새내,99
1007,2968,2968,1002,외선,성수행 - 잠실나루방면,1002000217,1002000215,1002000216,잠실,2,02003성수0,"1002,1008","1002000216,1008000814",일반,325,2153,88,성수,2023-11-21 10:36:20,5분 25초 후,삼성,99
1008,2968,2968,1002,외선,성수행 - 뚝섬방면,1002000212,1002000210,1002000211,성수,1,02003성수0,1002,1002000211,일반,401,2149,88,성수,2023-11-21 10:36:20,6분 41초 후,강변,99
1012,2968,2968,1002,외선,신도림행 - 을지로3가방면,1002000205,1002000203,1002000204,을지로4가,2,02003신도림0,"1002,1005","1002000204,1005000535",일반,259,4189,88,신도림,2023-11-21 10:36:20,4분 19초 후,상왕십리,99
1017,2968,2968,1077,상행,신사행 - 신논현방면,1077000688,1077000686,1077000687,강남,2,02003신사0,"1002,1077","1002000222,1077000687",일반,0,21,13,신사,2023-11-21 10:34:57,[3]번째 전역 (청계산입구),청계산입구,99
1049,2968,2968,1009,상행,개화행 - 봉은사방면,1009000930,1009000929,1009000930,종합운동장,1,02004개화0,"1002,1009","1002000218,1009000930",일반,490,9077,902,개화,2023-11-21 10:36:24,8분 10초 후 (송파나루),송파나루,99
1062,2968,2968,1004,상행,당고개행 - 동대문방면,1004000423,1004000421,1004000422,동대문역사문화공원,3,02004당고개0,"1002,1004,1005","1002000205,1004000422,1005000536",일반,468,4072,0,당고개,2023-11-21 10:35:53,7분 48초 후 (서울),서울,99
1087,2968,2968,1063,상행,문산행 - 응봉방면,1063075117,1063075115,1063075116,왕십리,4,02004문산0,"1002,1005,1063,1075","1002000208,1005000540,1063075116,1075075210",일반,0,5052,1,문산,2023-11-21 10:35:21,[4]번째 전역 (상봉),상봉,99
1101,2968,2968,1005,상행,방화행 - 을지로4가방면,1005000537,1005000535,1005000536,동대문역사문화공원,3,02004방화0,"1002,1004,1005","1002000205,1004000422,1005000536",일반,480,5086,1,방화,2023-11-21 10:36:05,8분 후 (왕십리),왕십리,99
1106,2968,2968,1002,외선,성수행 - 낙성대방면,1002000229,1002000227,1002000228,서울대입구,1,02004성수0,1002,1002000228,일반,514,3171,88,성수,2023-11-21 10:36:20,8분 34초 후,구로디지털단지,99
1107,2968,2968,1002,외선,성수행 - 신림방면,1002000232,1002000230,1002000231,신대방,1,02004성수0,1002,1002000231,일반,514,2175,88,성수,2023-11-21 10:36:20,8분 34초 후,문래,99
1108,2968,2968,1002,외선,성수행 - 대림방면,1002000235,1002000233,1002000234,신도림,2,02004성수0,"1001,1002","1001000140,1002000234",일반,416,3177,88,성수,2023-11-21 10:36:20,6분 56초 후,합정,99
1109,2968,2968,1002,외선,성수행 - 신도림방면,1002000236,1002000234,1002000235,문래,1,02004성수0,1002,1002000235,일반,532,2179,88,성수,2023-11-21 10:36:20,8분 52초 후,홍대입구,99
1110,2968,2968,1002,외선,성수행 - 신촌방면,1002000242,1002000240,1002000241,이대,1,02004성수0,1002,1002000241,일반,405,2185,88,성수,2023-11-21 10:36:20,6분 45초 후,을지로입구,99
1111,2968,2968,1002,외선,성수행 - 충정로방면,1002000202,1002000243,1002000201,시청,2,02004성수0,"1001,1002","1001000132,1002000201",일반,393,2187,88,성수,2023-11-21 10:36:20,6분 33초 후,동대문역사문화공원,99
1112,2968,2968,1002,외선,성수행 - 강변방면,1002000216,1002000214,1002000215,잠실나루,1,02004성수0,1002,1002000215,일반,458,2153,88,성수,2023-11-21 10:36:20,7분 38초 후,삼성,99
1113,2968,2968,1002,외선,성수행 - 잠실새내방면,1002000219,1002000217,1002000218,종합운동장,1,02004성수0,"1002,1009","1002000218,1009000930",일반,298,3157,88,성수,2023-11-21 10:36:20,4분 58초 후,역삼,99
1114,2968,2968,1002,외선,성수행 - 삼성방면,1002000221,1002000219,1002000220,선릉,2,02004성수0,"1002,1075","1002000220,1075075215",일반,474,3161,88,성수,2023-11-21 10:36:20,7분 54초 후,서초,99
1115,2968,2968,1002,외선,성수행 - 선릉방면,1002000222,1002000220,1002000221,역삼,1,02004성수0,1002,1002000221,일반,484,6163,88,성수,2023-11-21 10:36:20,8분 4초 후,방배,99
1119,2968,2968,1002,외선,신도림행 - 을지로입구방면,1002000204,1002000202,1002000203,을지로3가,2,02004신도림0,"1002,1003","1002000203,1003000330",일반,349,4189,88,신도림,2023-11-21 10:36:20,5분 49초 후,상왕십리,99
1136,2968,2968,1006,상행,응암순환(상선)행 - 망원방면,1006000623,1006000621,1006000622,합정,2,02004응암순환(상선)0,"1002,1006","1002000238,1006000622",일반,480,6112,9,응암순환(상선),2023-11-21 10:36:27,8분 후 (공덕),공덕,99
1138,2968,2968,1006,상행,응암순환(상선)행 - 청구방면,1006000636,1006000634,1006000635,신당,2,02004응암순환(상선)0,"1002,1006","1002000206,1006000635",일반,480,6118,9,응암순환(상선),2023-11-21 10:36:28,8분 후 (안암(고대병원앞)),안암(고대병원앞),99
1178,2968,2968,1003,상행,대화행 - 고속터미널방면,1003000341,1003000339,1003000340,교대,2,02005대화0,"1002,1003","1002000223,1003000340",일반,555,3160,4,대화,2023-11-21 10:36:02,9분 15초 후 (대치),대치,99
1198,2968,2968,1005,상행,방화행 - 양평방면,1005000524,1005000522,1005000523,영등포구청,2,02005방화0,"1002,1005","1002000236,1005000523",일반,660,5082,1,방화,2023-11-21 10:36:05,11분 후 (마포),마포,99
1204,2968,2968,1002,외선,성수행 - 잠실방면,1002000218,1002000216,1002000217,잠실새내,1,02005성수0,1002,1002000217,일반,427,3157,88,성수,2023-11-21 10:36:20,7분 7초 후,역삼,99
1205,2968,2968,1002,외선,성수행 - 방배방면,1002000227,1002000225,1002000226,사당,2,02005성수0,"1002,1004","1002000226,1004000433",일반,535,2169,88,성수,2023-11-21 10:36:20,8분 55초 후,신대방,99
1206,2968,2968,1002,외선,성수행 - 사당방면,1002000228,1002000226,1002000227,낙성대,1,02005성수0,1002,1002000227,일반,639,3171,88,성수,2023-11-21 10:36:20,10분 39초 후,구로디지털단지,99
1207,2968,2968,1002,외선,성수행 - 구로디지털단지방면,1002000234,1002000232,1002000233,대림,2,02005성수0,"1002,1007","1002000233,1007000744",일반,585,3177,88,성수,2023-11-21 10:36:20,9분 45초 후,합정,99
1208,2968,2968,1002,외선,성수행 - 아현방면,1002000201,1002000242,1002000243,충정로,2,02005성수0,"1002,1005","1002000243,1005000531",일반,525,2187,88,성수,2023-11-21 10:36:20,8분 45초 후,동대문역사문화공원,99
1212,2968,2968,1002,외선,신도림행 - 시청방면,1002000203,1002000201,1002000202,을지로입구,1,02005신도림0,1002,1002000202,일반,448,4189,88,신도림,2023-11-21 10:36:20,7분 28초 후,상왕십리,99
1221,2968,2968,1075,상행,왕십리행 - 선정릉방면,1075075216,1075075214,1075075215,선릉,2,02005왕십리0,"1002,1075","1002000220,1075075215",일반,0,6522,165,왕십리,2023-11-21 10:36:22,[5]번째 전역 (대모산입구),대모산입구,99
1245,2968,2968,1001,상행,청량리행 - 제기동방면,1001000127,1001000125,1001000126,신설동,2,02005청량리0,"1001,1002,1092","1001000126,1002002114,1092004713",일반,0,0436,171,청량리,2023-11-21 10:34:38,[5]번째 전역 (종각),종각,99
1275,2968,2968,1005,상행,방화행 - 종로3가방면,1005000536,1005000534,1005000535,을지로4가,2,02006방화0,"1002,1005","1002000204,1005000535",일반,600,5086,1,방화,2023-11-21 10:36:05,10분 후 (마장),마장,99
1279,2968,2968,1002,외선,성수행 - 종합운동장방면,1002000220,1002000218,1002000219,삼성,1,02006성수0,1002,1002000219,일반,616,3161,88,성수,2023-11-21 10:36:20,10분 16초 후,서초,99
1280,2968,2968,1002,외선,성수행 - 서초방면,1002000226,1002000224,1002000225,방배,1,02006성수0,1002,1002000225,일반,692,2169,88,성수,2023-11-21 10:36:20,11분 32초 후,신대방,99
1281,2968,2968,1002,외선,성수행 - 신대방방면,1002000233,1002000231,1002000232,구로디지털단지,1,02006성수0,1002,1002000232,일반,713,3177,88,성수,2023-11-21 10:36:20,11분 53초 후,합정,99
1286,2968,2968,1008,상행,암사행 - 몽촌토성(평화의문)방면,1008000815,1008000813,1008000814,잠실,2,02006암사0,"1002,1008","1002000216,1008000814",일반,720,8092,1,암사,2023-11-21 10:36:24,12분 후 (복정),복정,99
1318,2968,2968,1009,상행,김포공항행 - 선유도방면 (급행),1009000914,1009000912,1009000913,당산,2,02007김포공항1,"1002,1009","1002000237,1009000913",급행,685,9555,901,김포공항 (급행),2023-11-21 10:36:24,11분 25초 후 (동작),동작,99
1411,2968,2968,1063,상행,용산행 - 가좌방면,1063075313,1063075315,1063075314,홍대입구,3,02010용산0,"1002,1063,1065","1002000239,1063075314,1065006503",일반,0,5050,234,용산,2023-11-21 10:35:57,[10]번째 전역 (왕십리),왕십리,99
1440,2968,2968,1092,상행,북한산우이행 - 보문방면,1092004713,1092004712,1092004713,신설동,2,02013북한산우이,"1001,1002,1092","1001000126,1002002114,1092004713",일반,548,1153,941,북한산우이,2023-11-21 10:35:04,[13]번째 전역 (남영),남영,99
1486,2968,2968,1001,상행,청량리행 - 영등포방면,1001000141,1001000139,1001000140,신도림,2,02023청량리,"1001,1002","1001000140,1002000234",일반,0,1914,249,청량리,2023-11-21 10:28:29,[23]번째 전역 (서정리),서정리,99
1493,2968,2968,1001,상행,청량리행 - 제기동방면,1001000127,1001000125,1001000126,신설동,2,02027청량리,"1001,1002,1092","1001000126,1002002114,1092004713",일반,0,1912,189,청량리,2023-11-21 10:36:19,[27]번째 전역 (성균관대),성균관대,99
1502,2968,2968,1001,상행,청량리행 - 종각방면,1001000133,1001000131,1001000132,시청,2,02031청량리,"1001,1002","1001000132,1002000201",일반,0,1914,249,청량리,2023-11-21 10:28:29,[31]번째 전역 (서정리),서정리,99
1513,2968,2968,1002,외선,성수행 - 상왕십리방면,1002000209,1002000207,1002000208,왕십리,4,02039성수0,"1002,1005,1063,1075","1002000208,1005000540,1063075116,1075075210",일반,607,2147,88,성수,2023-11-21 10:36:20,10분 7초 후,구의,99
1515,2968,2968,1002,외선,성수행 - 신당방면,1002000208,1002000206,1002000207,상왕십리,1,02040성수0,1002,1002000207,일반,437,2193,88,성수,2023-11-21 10:36:20,7분 17초 후,성수,99
1516,2968,2968,1002,외선,성수행 - 왕십리방면,1002000210,1002000208,1002000209,한양대,1,02040성수0,1002,1002000209,일반,499,2147,88,성수,2023-11-21 10:36:20,8분 19초 후,구의,99
1518,2968,2968,1002,외선,성수행 - 한양대방면,1002000211,1002000209,1002000210,뚝섬,1,02041성수0,1002,1002000210,일반,377,2147,88,성수,2023-11-21 10:36:20,6분 17초 후,구의,99
1544,2968,2968,1002,내선,까치산행 - 양천구청방면,1002000234,1002002342,1002002341,도림천,1,11000까치산0,1002,1002002341,일반,7,5558,53,까치산,2023-11-21 10:32:50,도림천 도착,도림천,1
1545,2968,2968,1002,내선,까치산행 - 신정네거리방면,1002002341,1002002343,1002002342,양천구청,1,11000까치산0,1002,1002002342,일반,5,5558,53,까치산,2023-11-21 10:35:10,양천구청 도착,양천구청,1
1549,2968,2968,1063,하행,덕소행 - 청량리방면,1063075115,1063075117,1063075116,왕십리,4,11000덕소0,"1002,1005,1063,1075","1002000208,1005000540,1063075116,1075075210",일반,0,5049,198,덕소,2023-11-21 10:32:53,왕십리 도착,왕십리,1
1560,2968,2968,1005,하행,마천행 - 마장방면,1005000539,1005000541,1005000540,왕십리,4,11000마천0,"1002,1005,1063,1075","1002000208,1005000540,1063075116,1075075210",일반,60,5581,51,마천,2023-11-21 10:36:15,왕십리 도착,왕십리,1
1570,2968,2968,1006,하행,봉화산행 - 동묘앞방면,1006000634,1006000636,1006000635,신당,2,11000봉화산0,"1002,1006","1002000206,1006000635",일반,60,6105,47,봉화산,2023-11-21 10:36:17,신당 도착,신당,1
1573,2968,2968,1092,하행,북한산우이행 - 신설동방면,1092004712,1092004713,1092004713,신설동,2,11000북한산우이0,"1001,1002,1092","1001000126,1002002114,1092004713",일반,0,1147,941,북한산우이,2023-11-21 10:30:13,신설동 도착,신설동,1
1579,2968,2968,1004,하행,사당행 - 남태령방면,1004000432,1004000434,1004000433,사당,2,11000사당0,"1002,1004","1002000226,1004000433",일반,0,4053,55,사당,2023-11-21 10:26:54,사당 도착,사당,1
1586,2968,2968,1065,하행,서울행 - 공덕방면,1065006502,1065006504,1065006503,홍대입구,3,11000서울0,"1002,1063,1065","1002000239,1063075314,1065006503",일반,0,A2054,10,서울,2023-11-21 10:35:17,홍대입구 출발,홍대입구,2
1607,2968,2968,1002,내선,성수행 - 건대입구방면,1002000210,1002000212,1002000211,성수,1,11000성수0,1002,1002000211,일반,8,6136,88,성수,2023-11-21 10:36:20,성수 진입,성수,0
1608,2968,2968,1002,내선,성수행 - 신촌방면,1002000238,1002000240,1002000239,홍대입구,3,11000성수0,"1002,1063,1065","1002000239,1063075314,1065006503",일반,6,3154,88,성수,2023-11-21 10:36:20,홍대입구 진입,홍대입구,0
1609,2968,2968,1002,내선,성수행 - 을지로입구방면,1002000243,1002000202,1002000201,시청,2,11000성수0,"1001,1002","1001000132,1002000201",일반,5,2148,88,성수,2023-11-21 10:36:20,시청 진입,시청,0
1610,2968,2968,1002,내선,성수지선행 - 신설동방면,1002002112,1002002114,1002002113,용두,1,11000성수지선0,1002,1002002113,일반,11,1560,48,성수지선,2023-11-21 10:28:30,용두 출발,용두,2
1611,2968,2968,1002,내선,성수지선행 - 용두방면,1002002111,1002002113,1002002112,신답,1,11000성수지선0,1002,1002002112,일반,12,1560,48,성수지선,2023-11-21 10:31:00,신답 출발,신답,2
1612,2968,2968,1002,내선,성수지선행 - 신답방면,1002000211,1002002112,1002002111,용답,1,11000성수지선0,1002,1002002111,일반,21,1560,48,성수지선,2023-11-21 10:34:20,용답 출발,용답,2
1620,2968,2968,1002,내선,신도림행 - 신대방방면,1002000229,1002000231,1002000230,신림,1,11000신도림0,1002,1002000230,일반,4,4164,24,신도림,2023-11-21 10:36:20,신림 진입,신림,0
1631,2968,2968,1001,하행,신창행 - 서울방면,1001000131,1001000133,1001000132,시청,2,11000신창0,"1001,1002","1001000132,1002000201",일반,10,0639,75,신창,2023-11-21 10:36:22,시청 진입,시청,0
1643,2968,2968,1003,하행,오금행 - 충무로방면,1003000329,1003000331,1003000330,을지로3가,2,11000오금0,"1002,1003","1002000203,1003000330",일반,0,3129,36,오금,2023-11-21 10:36:23,을지로3가 도착,을지로3가,1
1648,2968,2968,1003,하행,오금행 - 남부터미널방면,1003000339,1003000341,1003000340,교대,2,11000오금0,"1002,1003","1002000223,1003000340",일반,0,3123,36,오금,2023-11-21 10:36:22,교대 도착,교대,1
1667,2968,2968,1007,하행,온수행 - 뚝섬유원지방면,1007000726,1007000728,1007000727,건대입구,2,11000온수0,"1002,1007","1002000212,1007000727",일반,60,7149,42,온수,2023-11-21 10:36:08,건대입구 도착,건대입구,1
1727,2968,2968,1001,하행,천안행 - 구로방면,1001000139,1001000141,1001000140,신도림,2,11000천안0,"1001,1002","1001000140,1002000234",일반,0,0637,65,천안,2023-11-21 10:36:16,신도림 진입,신도림,0
1740,2968,2968,1005,하행,하남검단산행 - 서대문방면,1005000530,1005000532,1005000531,충정로,2,11000하남검단산0,"1002,1005","1002000243,1005000531",일반,60,5069,65,하남검단산,2023-11-21 10:36:15,충정로 전역출발,충정로,3
1745,2968,2968,1005,하행,하남검단산행 - 청구방면,1005000535,1005000537,1005000536,동대문역사문화공원,3,11000하남검단산0,"1002,1004,1005","1002000205,1004000422,1005000536",일반,60,5067,65,하남검단산,2023-11-21 10:36:15,동대문역사문화공원 전역출발,동대문역사문화공원,3
1746,2968,2968,1005,하행,하남검단산행 - 영등포시장방면,1005000522,1005000524,1005000523,영등포구청,2,11000하남검단산0,"1002,1005","1002000236,1005000523",일반,60,5071,65,하남검단산,2023-11-21 10:36:15,영등포구청 도착,영등포구청,1
1755,2968,2968,1002,내선,까치산행 - 까치산방면,1002002342,1002002344,1002002343,신정네거리,1,11001까치산0,1002,1002002343,일반,133,5558,53,까치산,2023-11-21 10:36:20,전역 도착,양천구청,5
1763,2968,2968,1001,하행,동인천행 - 구로방면 (특급),1001000139,1001000141,1001000140,신도림,2,11001동인천7,"1001,1002","1001000140,1002000234",특급,0,1303,97,동인천 (특급),2023-11-21 10:36:02,전역 진입,영등포,4
1767,2968,2968,1005,하행,마천행 - 동대문역사문화공원방면,1005000534,1005000536,1005000535,을지로4가,2,11001마천0,"1002,1005","1002000204,1005000535",일반,180,5583,51,마천,2023-11-21 10:36:15,전전역 출발,종로3가,99
1773,2968,2968,1008,하행,모란행 - 석촌방면,1008000813,1008000815,1008000814,잠실,2,11001모란0,"1002,1008","1002000216,1008000814",일반,120,8089,17,모란,2023-11-21 10:36:14,전역 도착,몽촌토성(평화의문),5
1787,2968,2968,1004,하행,사당행 - 남태령방면,1004000432,1004000434,1004000433,사당,2,11001사당0,"1002,1004","1002000226,1004000433",일반,120,4055,24,사당,2023-11-21 10:36:10,전역 출발,총신대입구(이수),3
1808,2968,2968,1002,내선,성수행 - 성수방면,1002000209,1002000211,1002000210,뚝섬,1,11001성수0,1002,1002000210,일반,74,2140,88,성수,2023-11-21 10:36:20,전역 도착,한양대,5
1809,2968,2968,1002,내선,성수행 - 왕십리방면,1002000206,1002000208,1002000207,상왕십리,1,11001성수0,1002,1002000207,일반,33,3142,88,성수,2023-11-21 10:36:20,전역 출발,신당,3
1810,2968,2968,1002,내선,성수행 - 을지로4가방면,1002000202,1002000204,1002000203,을지로3가,2,11001성수0,"1002,1003","1002000203,1003000330",일반,58,2146,88,성수,2023-11-21 10:36:20,전역 도착,을지로입구,5
1811,2968,2968,1002,내선,성수행 - 을지로3가방면,1002000201,1002000203,1002000202,을지로입구,1,11001성수0,1002,1002000202,일반,107,2148,88,성수,2023-11-21 10:36:20,전역 진입,시청,4
1812,2968,2968,1002,내선,성수행 - 충정로방면,1002000241,1002000243,1002000242,아현,1,11001성수0,1002,1002000242,일반,27,3150,88,성수,2023-11-21 10:36:20,전역 출발,이대,3
1813,2968,2968,1002,내선,성수행 - 문래방면,1002000233,1002000235,1002000234,신도림,2,11001성수0,"1001,1002","1001000140,1002000234",일반,63,3160,88,성수,2023-11-21 10:36:20,전역 출발,대림,3
1814,2968,2968,1002,내선,성수행 - 합정방면,1002000236,1002000238,1002000237,당산,2,11001성수0,"1002,1009","1002000237,1009000913",일반,50,2156,88,성수,2023-11-21 10:36:20,전역 출발,영등포구청,3
1815,2968,2968,1002,내선,성수행 - 이대방면,1002000239,1002000241,1002000240,신촌,1,11001성수0,1002,1002000240,일반,132,3154,88,성수,2023-11-21 10:36:20,전역 진입,홍대입구,4
1816,2968,2968,1002,내선,성수행 - 대림방면,1002000231,1002000233,1002000232,구로디지털단지,1,11001성수0,1002,1002000232,일반,121,2162,88,성수,2023-11-21 10:36:20,전역 도착,신대방,5
1817,2968,2968,1002,내선,성수행 - 신림방면,1002000228,1002000230,1002000229,봉천,1,11001성수0,1002,1002000229,일반,31,3166,88,성수,2023-11-21 10:36:20,전역 출발,서울대입구,3
1818,2968,2968,1002,내선,성수행 - 구의방면,1002000211,1002000213,1002000212,건대입구,2,11001성수0,"1002,1007","1002000212,1007000727",일반,10,6130,88,성수,2023-11-21 10:36:20,전역 출발,성수,3
1819,2968,2968,1002,내선,성수행 - 잠실나루방면,1002000213,1002000215,1002000214,강변,1,11001성수0,1002,1002000214,일반,123,3180,88,성수,2023-11-21 10:36:20,전역 도착,구의,5
1820,2968,2968,1002,내선,성수행 - 잠실방면,1002000214,1002000216,1002000215,잠실나루,1,11001성수0,1002,1002000215,일반,73,3178,88,성수,2023-11-21 10:36:20,전역 출발,강변,3
1821,2968,2968,1002,내선,성수행 - 선릉방면,1002000218,1002000220,1002000219,삼성,1,11001성수0,1002,1002000219,일반,93,3174,88,성수,2023-11-21 10:36:20,전역 도착,종합운동장,5
1822,2968,2968,1002,내선,성수행 - 교대방면,1002000221,1002000223,1002000222,강남,2,11001성수0,"1002,1077","1002000222,1077000687",일반,76,2172,88,성수,2023-11-21 10:36:20,전역 도착,역삼,5
1823,2968,2968,1002,내선,성수행 - 사당방면,1002000224,1002000226,1002000225,방배,1,11001성수0,1002,1002000225,일반,69,3170,88,성수,2023-11-21 10:36:20,전역 출발,서초,3
1824,2968,2968,1002,내선,성수행 - 서울대입구방면,1002000226,1002000228,1002000227,낙성대,1,11001성수0,1002,1002000227,일반,105,2168,88,성수,2023-11-21 10:36:20,전역 도착,사당,5
1831,2968,2968,1002,내선,신도림행 - 종합운동장방면,1002000216,1002000218,1002000217,잠실새내,1,11001신도림0,1002,1002000217,일반,28,4176,24,신도림,2023-11-21 10:36:20,전역 출발,잠실,3
1832,2968,2968,1002,내선,신도림행 - 구로디지털단지방면,1002000230,1002000232,1002000231,신대방,1,11001신도림0,1002,1002000231,일반,185,4164,24,신도림,2023-11-21 10:36:20,전역 진입,신림,4
1837,2968,2968,1001,하행,신창행 - 동묘앞방면,1001000125,1001000127,1001000126,신설동,2,11001신창0,"1001,1002,1092","1001000126,1002002114,1092004713",일반,78,1915,75,신창,2023-11-21 10:36:22,전역 출발,제기동,3
1840,2968,2968,1001,하행,신창행 - 서울방면,1001000131,1001000133,1001000132,시청,2,11001신창0,"1001,1002","1001000132,1002000201",일반,0,0639,75,신창,2023-11-21 10:33:28,전역 도착,종각,5
1872,2968,2968,1007,하행,온수행 - 남구로방면,1007000743,1007000745,1007000744,대림,2,11001온수0,"1002,1007","1002000233,1007000744",일반,120,7137,42,온수,2023-11-21 10:36:08,전역 출발,신풍,3
1899,2968,2968,1075,하행,인천행 - 서울숲방면,1075075209,1075075211,1075075210,왕십리,4,11001인천0,"1002,1005,1063,1075","1002000208,1005000540,1063075116,1075075210",일반,0,6545,272,인천,2023-11-21 10:33:49,전역 도착,청량리,5
1921,2968,2968,1001,하행,천안행 - 동묘앞방면 (급행),1001000125,1001000127,1001000126,신설동,2,11001천안1,"1001,1002,1092","1001000126,1002002114,1092004713",급행,0,1915,65,천안 (급행),2023-11-21 10:34:44,전역 도착,제기동,5
1929,2968,2968,1005,하행,하남검단산행 - 신정(은행정)방면,1005000517,1005000519,1005000518,까치산,2,11001하남검단산0,"1002,1005","1002002344,1005000518",일반,180,5073,65,하남검단산,2023-11-21 10:36:15,전전역 출발,화곡,99
1941,2968,2968,1002,내선,까치산행 - 까치산방면,1002002343,1002002344,1002002344,까치산,2,11002까치산0,"1002,1005","1002002344,1005000518",일반,308,5558,53,까치산,2023-11-21 10:36:20,5분 8초 후,양천구청,99
1984,2968,2968,1002,내선,성수행 - 강변방면,1002000212,1002000214,1002000213,구의,1,11002성수0,1002,1002000213,일반,10,6130,88,성수,2023-11-21 10:36:20,10초 후,성수,99
1985,2968,2968,1002,내선,성수행 - 한양대방면,1002000207,1002000209,1002000208,왕십리,4,11002성수0,"1002,1005,1063,1075","1002000208,1005000540,1063075116,1075075210",일반,137,3142,88,성수,2023-11-21 10:36:20,2분 17초 후,신당,99
1986,2968,2968,1002,내선,성수행 - 잠실새내방면,1002000215,1002000217,1002000216,잠실,2,11002성수0,"1002,1008","1002000216,1008000814",일반,184,3178,88,성수,2023-11-21 10:36:20,3분 4초 후,강변,99
1987,2968,2968,1002,내선,성수행 - 서초방면,1002000222,1002000224,1002000223,교대,2,11002성수0,"1002,1003","1002000223,1003000340",일반,236,2172,88,성수,2023-11-21 10:36:20,3분 56초 후,역삼,99
1988,2968,2968,1002,내선,성수행 - 낙성대방면,1002000225,1002000227,1002000226,사당,2,11002성수0,"1002,1004","1002000226,1004000433",일반,207,3170,88,성수,2023-11-21 10:36:20,3분 27초 후,서초,99
1989,2968,2968,1002,내선,성수행 - 봉천방면,1002000227,1002000229,1002000228,서울대입구,1,11002성수0,1002,1002000228,일반,221,2168,88,성수,2023-11-21 10:36:20,3분 41초 후,사당,99
1990,2968,2968,1002,내선,성수행 - 신도림방면,1002000232,1002000234,1002000233,대림,2,11002성수0,"1002,1007","1002000233,1007000744",일반,243,2162,88,성수,2023-11-21 10:36:20,4분 3초 후,신대방,99
1991,2968,2968,1002,내선,성수행 - 영등포구청방면,1002000234,1002000236,1002000235,문래,1,11002성수0,1002,1002000235,일반,187,3160,88,성수,2023-11-21 10:36:20,3분 7초 후,대림,99
1992,2968,2968,1002,내선,성수행 - 홍대입구방면,1002000237,1002000239,1002000238,합정,2,11002성수0,"1002,1006","1002000238,1006000622",일반,233,2156,88,성수,2023-11-21 10:36:20,3분 53초 후,영등포구청,99
1993,2968,2968,1002,내선,성수행 - 아현방면,1002000240,1002000242,1002000241,이대,1,11002성수0,1002,1002000241,일반,238,3154,88,성수,2023-11-21 10:36:20,3분 58초 후,홍대입구,99
1994,2968,2968,1002,내선,성수행 - 시청방면,1002000242,1002000201,1002000243,충정로,2,11002성수0,"1002,1005","1002000243,1005000531",일반,120,3150,88,성수,2023-11-21 10:36:20,2분 후,이대,99
1995,2968,2968,1002,내선,성수행 - 동대문역사문화공원방면,1002000203,1002000205,1002000204,을지로4가,2,11002성수0,"1002,1005","1002000204,1005000535",일반,150,2146,88,성수,2023-11-21 10:36:20,2분 30초 후,을지로입구,99
2001,2968,2968,1002,내선,신도림행 - 삼성방면,1002000217,1002000219,1002000218,종합운동장,1,11002신도림0,"1002,1009","1002000218,1009000930",일반,154,4176,24,신도림,2023-11-21 10:36:20,2분 34초 후,잠실,99
2021,2968,2968,1004,하행,오이도행 - 충무로방면,1004000421,1004000423,1004000422,동대문역사문화공원,3,11002오이도0,"1002,1004,1005","1002000205,1004000422,1005000536",일반,293,4569,53,오이도,2023-11-21 10:36:11,4분 53초 후 (혜화),혜화,99
2052,2968,2968,1009,하행,중앙보훈병원행 - 국회의사당방면,1009000912,1009000914,1009000913,당산,2,11002중앙보훈병원0,"1002,1009","1002000237,1009000913",일반,240,9076,938,중앙보훈병원,2023-11-21 10:36:24,4분 후 (신목동),신목동,99
2074,2968,2968,1077,하행,광교행 - 양재방면,1077000686,1077000688,1077000687,강남,2,11003광교0,"1002,1077","1002000222,1077000687",일반,0,9,11,광교,2023-11-21 10:36:22,[3]번째 전역 (신사),신사,99
2101,2968,2968,1065,하행,서울행 - 공덕방면 (급행),1065006502,1065006504,1065006503,홍대입구,3,11003서울1,"1002,1063,1065","1002000239,1063075314,1065006503",급행,0,A1016,10,서울 (급행),2023-11-21 10:35:22,[3]번째 전역 (김포공항),김포공항,99
2107,2968,2968,1002,내선,성수행 - 당산방면,1002000235,1002000237,1002000236,영등포구청,2,11003성수0,"1002,1005","1002000236,1005000523",일반,291,3160,88,성수,2023-11-21 10:36:20,4분 51초 후,대림,99
2108,2968,2968,1002,내선,성수행 - 방배방면,1002000223,1002000225,1002000224,서초,1,11003성수0,1002,1002000224,일반,367,2172,88,성수,2023-11-21 10:36:20,6분 7초 후,역삼,99
2109,2968,2968,1002,내선,성수행 - 역삼방면,1002000219,1002000221,1002000220,선릉,2,11003성수0,"1002,1075","1002000220,1075075215",일반,250,3174,88,성수,2023-11-21 10:36:20,4분 10초 후,종합운동장,99
2110,2968,2968,1002,내선,성수행 - 신당방면,1002000204,1002000206,1002000205,동대문역사문화공원,3,11003성수0,"1002,1004,1005","1002000205,1004000422,1005000536",일반,261,2146,88,성수,2023-11-21 10:36:20,4분 21초 후,을지로입구,99
2111,2968,2968,1002,내선,성수행 - 뚝섬방면,1002000208,1002000210,1002000209,한양대,1,11003성수0,1002,1002000209,일반,253,3142,88,성수,2023-11-21 10:36:20,4분 13초 후,신당,99
2113,2968,2968,1006,하행,신내행 - 상수방면,1006000621,1006000623,1006000622,합정,2,11003신내0,"1002,1006","1002000238,1006000622",일반,360,6113,48,신내,2023-11-21 10:36:16,6분 후 (월드컵경기장(성산)),월드컵경기장(성산),99
2127,2968,2968,1063,하행,용문행 - 서강대방면,1063075315,1063075313,1063075314,홍대입구,3,11003용문0,"1002,1063,1065","1002000239,1063075314,1065006503",일반,0,5055,209,용문,2023-11-21 10:35:29,[3]번째 전역 (수색),수색,99
2131,2968,2968,1001,하행,용산행 - 동묘앞방면,1001000125,1001000127,1001000126,신설동,2,11003용산,"1001,1002,1092","1001000126,1002002114,1092004713",일반,0,5049,1,용산,2023-11-21 10:29:03,[3]번째 전역 (회기),회기,99
2142,2968,2968,1075,하행,죽전행 - 한티방면,1075075214,1075075216,1075075215,선릉,2,11003죽전0,"1002,1075","1002000220,1075075215",일반,0,6091,128,죽전,2023-11-21 10:35:28,[3]번째 전역 (압구정로데오),압구정로데오,99
2149,2968,2968,1009,하행,중앙보훈병원행 - 종합운동장방면 (급행),1009000929,1009000930,1009000930,종합운동장,1,11003중앙보훈병원1,"1002,1009","1002000218,1009000930",급행,335,9562,938,중앙보훈병원 (급행),2023-11-21 10:36:24,5분 35초 후 (선정릉),선정릉,99
2173,2968,2968,1002,내선,성수행 - 강남방면,1002000220,1002000222,1002000221,역삼,1,11004성수0,1002,1002000221,일반,391,3174,88,성수,2023-11-21 10:36:20,6분 31초 후,종합운동장,99
2174,2968,2968,1002,내선,성수행 - 상왕십리방면,1002000205,1002000207,1002000206,신당,2,11004성수0,"1002,1006","1002000206,1006000635",일반,378,2146,88,성수,2023-11-21 10:36:20,6분 18초 후,을지로입구,99
2256,2968,2968,1001,하행,천안행 - 서울방면 (급행),1001000131,1001000133,1001000132,시청,2,11007천안1,"1001,1002","1001000132,1002000201",급행,0,1915,65,천안 (급행),2023-11-21 10:34:44,[7]번째 전역 (제기동),제기동,99
2299,2968,2968,1001,하행,천안행 - 구로방면 (급행),1001000139,1001000141,1001000140,신도림,2,11015천안1,"1001,1002","1001000140,1002000234",급행,0,1915,65,천안 (급행),2023-11-21 10:34:44,[15]번째 전역 (제기동),제기동,99
2329,2968,2968,1004,하행,사당행 - 남태령방면,1004000432,1004000434,1004000433,사당,2,12000사당,"1002,1004","1002000226,1004000433",일반,0,4051,55,사당,2023-11-21 10:26:54,사당 도착,사당,1
2342,2968,2968,1001,하행,광명행 - 구로방면,1001000139,1001000141,1001000140,신도림,2,12001광명0,"1001,1002","1001000140,1002000234",일반,0,7013,65,광명,2023-11-21 10:36:16,전역 도착,영등포,5
2354,2968,2968,1065,하행,서울행 - 공덕방면,1065006502,1065006504,1065006503,홍대입구,3,12001서울0,"1002,1063,1065","1002000239,1063075314,1065006503",일반,0,A3034,10,서울,2023-11-21 10:35:17,전역 도착,디지털미디어시티,5
2356,2968,2968,1002,내선,성수행 - 구의방면,1002000211,1002000213,1002000212,건대입구,2,12001성수0,"1002,1007","1002000212,1007000727",일반,10,2182,88,성수,2023-11-21 10:36:20,전역 출발,성수,3
2362,2968,2968,1004,하행,오이도행 - 남태령방면,1004000432,1004000434,1004000433,사당,2,12001오이도0,"1002,1004","1002000226,1004000433",일반,160,4565,24,오이도,2023-11-21 10:36:10,전역 진입,총신대입구(이수),4
2375,2968,2968,1005,하행,마천행 - 청구방면,1005000535,1005000537,1005000536,동대문역사문화공원,3,12002마천0,"1002,1004,1005","1002000205,1004000422,1005000536",일반,300,5583,65,마천,2023-11-21 10:36:15,5분 후 (종로3가),종로3가,99
2383,2968,2968,1001,하행,서동탄행 - 서울방면,1001000131,1001000133,1001000132,시청,2,12002서동탄0,"1001,1002","1001000132,1002000201",일반,270,0441,75,서동탄,2023-11-21 10:36:22,4분 30초 후 (종로3가),종로3가,99
2389,2968,2968,1002,내선,성수행 - 을지로4가방면,1002000202,1002000204,1002000203,을지로3가,2,12002성수0,"1002,1003","1002000203,1003000330",일반,204,2148,88,성수,2023-11-21 10:36:20,3분 24초 후,시청,99
2390,2968,2968,1002,내선,성수행 - 신대방방면,1002000229,1002000231,1002000230,신림,1,12002성수0,1002,1002000230,일반,149,3166,24,성수,2023-11-21 10:36:20,2분 29초 후,서울대입구,99
2391,2968,2968,1002,내선,성수행 - 강변방면,1002000212,1002000214,1002000213,구의,1,12002성수0,1002,1002000213,일반,166,2182,88,성수,2023-11-21 10:36:20,2분 46초 후,성수,99
2392,2968,2968,1002,내선,성수행 - 잠실방면,1002000214,1002000216,1002000215,잠실나루,1,12002성수0,1002,1002000215,일반,275,3180,88,성수,2023-11-21 10:36:20,4분 35초 후,구의,99
2394,2968,2968,1002,내선,신도림행 - 대림방면,1002000231,1002000233,1002000232,구로디지털단지,1,12002신도림0,1002,1002000232,일반,307,4164,88,신도림,2023-11-21 10:36:20,5분 7초 후,신림,99
2416,2968,2968,1063,하행,용문행 - 청량리방면,1063075115,1063075117,1063075116,왕십리,4,12002용문0,"1002,1005,1063,1075","1002000208,1005000540,1063075116,1075075210",일반,0,5051,198,용문,2023-11-21 10:32:53,[2]번째 전역 (옥수),옥수,99
2422,2968,2968,1001,하행,인천행 - 동묘앞방면,1001000125,1001000127,1001000126,신설동,2,12002인천0,"1001,1002,1092","1001000126,1002002114,1092004713",일반,216,0081,75,인천,2023-11-21 10:36:22,3분 36초 후 (청량리),청량리,99
2436,2968,2968,1005,하행,마천행 - 영등포시장방면,1005000522,1005000524,1005000523,영등포구청,2,12003마천0,"1002,1005","1002000236,1005000523",일반,300,5587,65,마천,2023-11-21 10:36:15,5분 후 (목동),목동,99
2452,2968,2968,1007,하행,석남행 - 뚝섬유원지방면,1007000726,1007000728,1007000727,건대입구,2,12003석남0,"1002,1007","1002000212,1007000727",일반,300,7151,42,석남,2023-11-21 10:36:08,5분 후 (중곡),중곡,99
2453,2968,2968,1002,내선,성수행 - 종합운동장방면,1002000216,1002000218,1002000217,잠실새내,1,12003성수0,1002,1002000217,일반,324,3178,24,성수,2023-11-21 10:36:20,5분 24초 후,강변,99
2454,2968,2968,1002,내선,성수행 - 동대문역사문화공원방면,1002000203,1002000205,1002000204,을지로4가,2,12003성수0,"1002,1005","1002000204,1005000535",일반,296,2148,88,성수,2023-11-21 10:36:20,4분 56초 후,시청,99
2455,2968,2968,1002,내선,성수행 - 을지로입구방면,1002000243,1002000202,1002000201,시청,2,12003성수0,"1001,1002","1001000132,1002000201",일반,250,3150,88,성수,2023-11-21 10:36:20,4분 10초 후,이대,99
2456,2968,2968,1002,내선,성수행 - 충정로방면,1002000241,1002000243,1002000242,아현,1,12003성수0,1002,1002000242,일반,348,3154,88,성수,2023-11-21 10:36:20,5분 48초 후,홍대입구,99
2457,2968,2968,1002,내선,성수행 - 신촌방면,1002000238,1002000240,1002000239,홍대입구,3,12003성수0,"1002,1063,1065","1002000239,1063075314,1065006503",일반,359,2156,88,성수,2023-11-21 10:36:20,5분 59초 후,영등포구청,99
2458,2968,2968,1002,내선,성수행 - 문래방면,1002000233,1002000235,1002000234,신도림,2,12003성수0,"1001,1002","1001000140,1002000234",일반,417,2162,88,성수,2023-11-21 10:36:20,6분 57초 후,신대방,99
2459,2968,2968,1002,내선,성수행 - 구로디지털단지방면,1002000230,1002000232,1002000231,신대방,1,12003성수0,1002,1002000231,일반,330,3166,24,성수,2023-11-21 10:36:20,5분 30초 후,서울대입구,99
2460,2968,2968,1002,내선,성수행 - 신림방면,1002000228,1002000230,1002000229,봉천,1,12003성수0,1002,1002000229,일반,340,2168,88,성수,2023-11-21 10:36:20,5분 40초 후,사당,99
2461,2968,2968,1002,내선,성수행 - 서울대입구방면,1002000226,1002000228,1002000227,낙성대,1,12003성수0,1002,1002000227,일반,370,3170,88,성수,2023-11-21 10:36:20,6분 10초 후,서초,99
2462,2968,2968,1002,내선,성수행 - 잠실새내방면,1002000215,1002000217,1002000216,잠실,2,12003성수0,"1002,1008","1002000216,1008000814",일반,386,3180,88,성수,2023-11-21 10:36:20,6분 26초 후,구의,99
2463,2968,2968,1002,내선,성수행 - 잠실나루방면,1002000213,1002000215,1002000214,강변,1,12003성수0,1002,1002000214,일반,10,6130,88,성수,2023-11-21 10:36:20,10초 후,성수,99
2464,2968,2968,1003,하행,수서행 - 남부터미널방면,1003000339,1003000341,1003000340,교대,2,12003수서0,"1002,1003","1002000223,1003000340",일반,414,3125,36,수서,2023-11-21 10:36:22,6분 54초 후 (신사),신사,99
2467,2968,2968,1002,내선,신도림행 - 선릉방면,1002000218,1002000220,1002000219,삼성,1,12003신도림0,1002,1002000219,일반,258,4176,88,신도림,2023-11-21 10:36:20,4분 18초 후,잠실,99
2468,2968,2968,1002,내선,신도림행 - 신도림방면,1002000232,1002000234,1002000233,대림,2,12003신도림0,"1002,1007","1002000233,1007000744",일반,429,4164,88,신도림,2023-11-21 10:36:20,7분 9초 후,신림,99
2481,2968,2968,1003,하행,오금행 - 충무로방면,1003000329,1003000331,1003000330,을지로3가,2,12003오금0,"1002,1003","1002000203,1003000330",일반,391,3131,36,오금,2023-11-21 10:36:23,6분 31초 후 (경복궁),경복궁,99
2489,2968,2968,1004,하행,오이도행 - 충무로방면,1004000421,1004000423,1004000422,동대문역사문화공원,3,12003오이도0,"1002,1004,1005","1002000205,1004000422,1005000536",일반,428,4571,53,오이도,2023-11-21 10:36:11,7분 8초 후 (한성대입구),한성대입구,99
2536,2968,2968,1005,하행,마천행 - 서대문방면,1005000530,1005000532,1005000531,충정로,2,12004마천0,"1002,1005","1002000243,1005000531",일반,420,5585,65,마천,2023-11-21 10:36:15,7분 후 (여의나루),여의나루,99
2539,2968,2968,1008,하행,모란행 - 석촌방면,1008000813,1008000815,1008000814,잠실,2,12004모란,"1002,1008","1002000216,1008000814",일반,600,8091,17,모란,2023-11-21 10:36:14,10분 후 (암사),암사,99
2558,2968,2968,1007,하행,석남행 - 남구로방면,1007000743,1007000745,1007000744,대림,2,12004석남0,"1002,1007","1002000233,1007000744",일반,540,7139,42,석남,2023-11-21 10:36:08,9분 후 (장승배기),장승배기,99
2563,2968,2968,1002,내선,성수행 - 삼성방면,1002000217,1002000219,1002000218,종합운동장,1,12004성수0,"1002,1009","1002000218,1009000930",일반,450,3178,24,성수,2023-11-21 10:36:20,7분 30초 후,강변,99
2564,2968,2968,1002,내선,성수행 - 사당방면,1002000224,1002000226,1002000225,방배,1,12004성수0,1002,1002000225,일반,513,2172,88,성수,2023-11-21 10:36:20,8분 33초 후,역삼,99
2565,2968,2968,1002,내선,성수행 - 봉천방면,1002000227,1002000229,1002000228,서울대입구,1,12004성수0,1002,1002000228,일반,486,3170,88,성수,2023-11-21 10:36:20,8분 6초 후,서초,99
2566,2968,2968,1002,내선,성수행 - 영등포구청방면,1002000234,1002000236,1002000235,문래,1,12004성수0,1002,1002000235,일반,541,2162,88,성수,2023-11-21 10:36:20,9분 1초 후,신대방,99
2567,2968,2968,1002,내선,성수행 - 합정방면,1002000236,1002000238,1002000237,당산,2,12004성수0,"1002,1009","1002000237,1009000913",일반,418,3160,88,성수,2023-11-21 10:36:20,6분 58초 후,대림,99
2568,2968,2968,1002,내선,성수행 - 이대방면,1002000239,1002000241,1002000240,신촌,1,12004성수0,1002,1002000240,일반,485,2156,88,성수,2023-11-21 10:36:20,8분 5초 후,영등포구청,99
2569,2968,2968,1002,내선,성수행 - 시청방면,1002000242,1002000201,1002000243,충정로,2,12004성수0,"1002,1005","1002000243,1005000531",일반,441,3154,88,성수,2023-11-21 10:36:20,7분 21초 후,홍대입구,99
2570,2968,2968,1002,내선,성수행 - 을지로3가방면,1002000201,1002000203,1002000202,을지로입구,1,12004성수0,1002,1002000202,일반,352,3150,88,성수,2023-11-21 10:36:20,5분 52초 후,이대,99
2571,2968,2968,1002,내선,성수행 - 신당방면,1002000204,1002000206,1002000205,동대문역사문화공원,3,12004성수0,"1002,1004,1005","1002000205,1004000422,1005000536",일반,407,2148,88,성수,2023-11-21 10:36:20,6분 47초 후,시청,99
2572,2968,2968,1002,내선,성수행 - 성수방면,1002000209,1002000211,1002000210,뚝섬,1,12004성수0,1002,1002000210,일반,396,3142,88,성수,2023-11-21 10:36:20,6분 36초 후,신당,99
2578,2968,2968,1006,하행,신내행 - 동묘앞방면,1006000634,1006000636,1006000635,신당,2,12004신내0,"1002,1006","1002000206,1006000635",일반,420,6107,47,신내,2023-11-21 10:36:17,7분 후 (한강진),한강진,99
2625,2968,2968,1005,하행,하남검단산행 - 동대문역사문화공원방면,1005000534,1005000536,1005000535,을지로4가,2,12004하남검단산0,"1002,1005","1002000204,1005000535",일반,480,5069,51,하남검단산,2023-11-21 10:36:15,8분 후 (충정로),충정로,99
2629,2968,2968,1005,하행,하남검단산행 - 마장방면,1005000539,1005000541,1005000540,왕십리,4,12004하남검단산0,"1002,1005,1063,1075","1002000208,1005000540,1063075116,1075075210",일반,480,5067,51,하남검단산,2023-11-21 10:36:15,8분 후 (동대문역사문화공원),동대문역사문화공원,99
2640,2968,2968,1005,하행,마천행 - 신정(은행정)방면,1005000517,1005000519,1005000518,까치산,2,12005마천0,"1002,1005","1002002344,1005000518",일반,600,5589,65,마천,2023-11-21 10:36:15,10분 후 (송정),송정,99
2655,2968,2968,1001,하행,서동탄행 - 동묘앞방면,1001000125,1001000127,1001000126,신설동,2,12005서동탄,"1001,1002,1092","1001000126,1002002114,1092004713",일반,0,0443,1,서동탄,2023-11-21 10:29:03,[5]번째 전역 (신이문),신이문,99
2661,2968,2968,1002,내선,성수행 - 왕십리방면,1002000206,1002000208,1002000207,상왕십리,1,12005성수0,1002,1002000207,일반,486,2146,88,성수,2023-11-21 10:36:20,8분 6초 후,을지로입구,99
2662,2968,2968,1002,내선,성수행 - 상왕십리방면,1002000205,1002000207,1002000206,신당,2,12005성수0,"1002,1006","1002000206,1006000635",일반,524,2148,88,성수,2023-11-21 10:36:20,8분 44초 후,시청,99
2663,2968,2968,1002,내선,성수행 - 아현방면,1002000240,1002000242,1002000241,이대,1,12005성수0,1002,1002000241,일반,591,2156,88,성수,2023-11-21 10:36:20,9분 51초 후,영등포구청,99
2664,2968,2968,1002,내선,성수행 - 홍대입구방면,1002000237,1002000239,1002000238,합정,2,12005성수0,"1002,1006","1002000238,1006000622",일반,601,3160,88,성수,2023-11-21 10:36:20,10분 1초 후,대림,99
2665,2968,2968,1002,내선,성수행 - 당산방면,1002000235,1002000237,1002000236,영등포구청,2,12005성수0,"1002,1005","1002000236,1005000523",일반,645,2162,88,성수,2023-11-21 10:36:20,10분 45초 후,신대방,99
2666,2968,2968,1002,내선,성수행 - 낙성대방면,1002000225,1002000227,1002000226,사당,2,12005성수0,"1002,1004","1002000226,1004000433",일반,651,2172,88,성수,2023-11-21 10:36:20,10분 51초 후,역삼,99
2667,2968,2968,1002,내선,성수행 - 교대방면,1002000221,1002000223,1002000222,강남,2,12005성수0,"1002,1077","1002000222,1077000687",일반,493,3174,88,성수,2023-11-21 10:36:20,8분 13초 후,종합운동장,99
2672,2968,2968,1002,내선,신도림행 - 역삼방면,1002000219,1002000221,1002000220,선릉,2,12005신도림0,"1002,1075","1002000220,1075075215",일반,415,4176,88,신도림,2023-11-21 10:36:20,6분 55초 후,잠실,99
2703,2968,2968,1009,하행,중앙보훈병원행 - 종합운동장방면,1009000929,1009000930,1009000930,종합운동장,1,12005중앙보훈병원0,"1002,1009","1002000218,1009000930",일반,605,9070,938,중앙보훈병원,2023-11-21 10:36:24,10분 5초 후 (신논현),신논현,99
2742,2968,2968,1002,내선,성수행 - 서초방면,1002000222,1002000224,1002000223,교대,2,12006성수0,"1002,1003","1002000223,1003000340",일반,653,3174,88,성수,2023-11-21 10:36:20,10분 53초 후,종합운동장,99
2743,2968,2968,1002,내선,성수행 - 한양대방면,1002000207,1002000209,1002000208,왕십리,4,12006성수0,"1002,1005,1063,1075","1002000208,1005000540,1063075116,1075075210",일반,590,2146,88,성수,2023-11-21 10:36:20,9분 50초 후,을지로입구,99
2747,2968,2968,1002,내선,신도림행 - 강남방면,1002000220,1002000222,1002000221,역삼,1,12006신도림0,1002,1002000221,일반,556,4176,88,신도림,2023-11-21 10:36:20,9분 16초 후,잠실,99
2766,2968,2968,1075,하행,인천행 - 한티방면,1075075214,1075075216,1075075215,선릉,2,12006인천0,"1002,1075","1002000220,1075075215",일반,0,6545,128,인천,2023-11-21 10:35:28,[6]번째 전역 (청량리),청량리,99
2795,2968,2968,1006,하행,봉화산행 - 상수방면,1006000621,1006000623,1006000622,합정,2,12007봉화산0,"1002,1006","1002000238,1006000622",일반,840,6115,48,봉화산,2023-11-21 10:36:16,14분 후 (응암(하선-종착)),응암(하선-종착),99
2801,2968,2968,1002,내선,성수행 - 방배방면,1002000223,1002000225,1002000224,서초,1,12007성수0,1002,1002000224,일반,784,3174,88,성수,2023-11-21 10:36:20,13분 4초 후,종합운동장,99
2802,2968,2968,1002,내선,성수행 - 뚝섬방면,1002000208,1002000210,1002000209,한양대,1,12007성수0,1002,1002000209,일반,706,2146,88,성수,2023-11-21 10:36:20,11분 46초 후,을지로입구,99
2828,2968,2968,1009,하행,중앙보훈병원행 - 국회의사당방면 (급행),1009000912,1009000914,1009000913,당산,2,12007중앙보훈병원1,"1002,1009","1002000237,1009000913",급행,630,9568,938,중앙보훈병원 (급행),2023-11-21 10:36:24,10분 30초 후 (양천향교),양천향교,99
2865,2968,2968,1063,하행,덕소행 - 서강대방면,1063075315,1063075313,1063075314,홍대입구,3,12009덕소0,"1002,1063,1065","1002000239,1063075314,1065006503",일반,0,5057,209,덕소,2023-11-21 10:35:29,[9]번째 전역 (곡산),곡산,99
2921,2968,2968,1092,하행,북한산우이행 - 신설동방면,1092004712,1092004713,1092004713,신설동,2,12013북한산우이,"1001,1002,1092","1001000126,1002002114,1092004713",일반,539,1151,941,북한산우이,2023-11-21 10:30:13,[13]번째 전역 (남영),남영,99
2960,2968,2968,1002,내선,성수행 - 건대입구방면,1002000210,1002000212,1002000211,성수,1,12042성수0,1002,1002000211,일반,190,2140,88,성수,2023-11-21 10:36:20,3분 10초 후,한양대,99
